Last Name,First Name,Email Address,Phone Number,Street Address with City & Zip Code,Emergency Contact Name & Phone Number,Are you at least 18 years old?,Assigned Site/Session,How did you hear about HOPE Tutoring?
Johnson,Sarah,sarah.johnson@email.com,817-555-0101,"123 Oak St, Arlington, TX 76010","Mike Johnson, 817-555-0102",Yes,Monday Evening - UTA,Social Media
Chen,Michael,m.chen@example.com,817-555-0203,"456 Elm Ave, Fort Worth, TX 76102","Linda Chen, 817-555-0204",Yes,Tuesday Afternoon - Library,Friend/Family
Rodriguez,Emily,emily.r@domain.com,817-555-0305,"789 Pine Rd, Arlington, TX 76011","Carlos Rodriguez, 817-555-0306",Yes,Wednesday Evening,Church
Thompson,David,david.t@mail.com,817-555-0407,"321 Maple Ln, Grand Prairie, TX 75050","Susan Thompson, 817-555-0408",Yes,Thursday Afternoon,HOPE Website
Williams,Jessica,jwilliams@company.com,817-555-0509,"654 Cedar Ct, Mansfield, TX 76063","Robert Williams, 817-555-0510",Yes,Saturday Morning,Volunteer Match
Garcia,Antonio,a.garcia@inbox.com,817-555-0611,"987 Birch Dr, Arlington, TX 76012","Maria Garcia, 817-555-0612",Yes,Monday Evening - UTA,School/University
Patel,Priya,priya.p@webmail.com,817-555-0713,"147 Willow Way, Fort Worth, TX 76104","Raj Patel, 817-555-0714",Yes,Tuesday Afternoon,Employer
Brown,Christopher,c.brown@email.net,817-555-0815,"258 Spruce St, Arlington, TX 76013","Amanda Brown, 817-555-0816",Yes,Wednesday Evening,Other Volunteer
