Last Name,First Name,Email Address,Phone Number,Street Address with City & Zip Code,Emergency Contact Name & Phone Number,Are you at least 18 years old?,Assigned Site/Session,How did you hear about HOPE Tutoring?
Martinez,Isabella,isabella.m@email.com,817-555-1001,"789 Sunset Blvd, Arlington, TX 76017","Carlos Martinez, 817-555-1002",Yes,Monday Evening - UTA,Instagram
Kim,Daniel,d.kim@techcorp.com,817-555-1103,"456 Innovation Dr, Fort Worth, TX 76109","Jennifer Kim, 817-555-1104",Yes,Tuesday Afternoon - Library,LinkedIn
Washington,Jasmine,jasmine.w@gmail.com,817-555-1205,"321 Heritage Lane, Arlington, TX 76014","Marcus Washington, 817-555-1206",Yes,Wednesday Evening,Church Announcement
O'Brien,Patrick,pobrien@university.edu,817-555-1307,"654 Campus Way, Arlington, TX 76019","Shannon O'Brien, 817-555-1308",Yes,Thursday Afternoon,Professor Recommendation
Nguyen,Lisa,lisa.nguyen@company.org,817-555-1409,"987 Commerce St, Grand Prairie, TX 75051","Tuan Nguyen, 817-555-1410",Yes,Saturday Morning,Community Event
Foster,Marcus,m.foster@startup.io,817-555-1511,"147 Tech Park Dr, Arlington, TX 76006","Angela Foster, 817-555-1512",Yes,Monday Evening - UTA,Twitter/X
Ramirez,Sofia,sofia.ramirez@mail.com,817-555-1613,"258 Garden View, Mansfield, TX 76063","Miguel Ramirez, 817-555-1614",Yes,Tuesday Afternoon,Friend Referral
Anderson,James,j.anderson@corp.net,817-555-1715,"369 Executive Blvd, Arlington, TX 76011","Catherine Anderson, 817-555-1716",Yes,Wednesday Evening,Company Volunteer Program
Lee,Hannah,hannah.lee@outlook.com,817-555-1817,"741 Oak Ridge Rd, Fort Worth, TX 76107","David Lee, 817-555-1818",Yes,Thursday Afternoon,Facebook
Cooper,William,wcooper@engineering.com,817-555-1919,"852 Industrial Ave, Arlington, TX 76015","Sarah Cooper, 817-555-1920",Yes,Saturday Morning,HOPE Website
